YEAR,game_id,BY YEAR NO,BY ROUND NO,TEAM NO,TEAM_1,SEED_1,ROUND,CURRENT ROUND,SCORE_1,BY YEAR NO_2,BY ROUND NO_2,TEAM NO_2,TEAM_2,SEED_2,ROUND_2,CURRENT ROUND_2,SCORE_2,SEED_DIFF,UPSET_LABEL,TR_RANK_1,TR_RATING_1,SOS_RANK_1,LUCK_RANK_1,TR_RANK_2,TR_RATING_2,SOS_RANK_2,LUCK_RANK_2,CLOSE_TWOS_FG_1,THREES_FG_1,CLOSE_TWOS_FG_2,THREES_FG_2,PICKED_1,PICKED_2,KP_OFF_1,KP_DEF_1,KP_NET_1,BARTHAG_1,KP_OFF_2,KP_DEF_2,KP_NET_2,BARTHAG_2
2008,1,126,1136,31,North Carolina,1,4,64,113.0,125,1135,32,Mount St. Mary's,16,64,64,74.0,-15,0,2,29.5,6,38,194,5.0,260,227,,,,,,,120.686,92.5415,28.1446,0.957,99.0167,100.058,-1.04085,0.448
2008,2,121,1131,48,George Mason,12,64,64,50.0,119,1129,3,Winthrop,13,64,64,40.0,-1,0,87,13.9,146,269,81,14.2,120,261,,,,,,,111.486,101.207,10.2781,0.76,99.6932,92.3864,7.30673,0.709
2008,3,117,1127,23,Saint Joseph's,11,64,64,64.0,115,1125,59,Boise St.,14,64,64,61.0,-3,0,53,16.8,69,252,122,10.8,165,8,,,,,,,114.718,100.152,14.5658,0.833,108.605,104.484,4.12039,0.598
2008,4,113,1123,19,South Alabama,10,64,64,61.0,111,1121,65,American,15,64,64,57.0,-5,0,74,14.8,150,76,169,6.6,237,54,,,,,,,112.779,100.155,12.6239,0.795,108.308,106.622,1.686,0.514
2008,5,109,1119,25,Portland St.,16,64,64,61.0,107,1117,41,Kent St.,9,64,64,58.0,7,1,110,11.4,167,91,66,15.6,102,4,,,,,,,108.411,102.574,5.83665,0.596,108.462,94.6345,13.8274,0.809
2008,6,106,1116,55,Clemson,5,64,64,69.0,104,1114,8,Vanderbilt,4,64,64,62.0,1,1,14,23.3,13,219,45,17.7,61,6,,,,,,,114.102,91.7372,22.3653,0.932,112.598,99.0821,13.5159,0.83
2008,7,102,1112,10,USC,6,64,64,67.0,99,1109,56,Cal St. Fullerton,14,64,64,56.0,-8,0,28,20.7,7,97,80,14.3,158,221,,,,,,,110.663,90.6973,19.9654,0.9,112.978,104.103,8.87459,0.682
2008,8,98,1108,45,Gonzaga,7,64,64,76.0,95,1105,12,UMBC,15,64,64,47.0,-8,0,17,22.4,48,243,139,9.2,227,40,,,,,,,114.221,94.8911,19.3301,0.9,113.762,109.662,4.10027,0.578
2008,9,93,1103,9,UT Arlington,16,64,64,63.0,91,1101,27,Oregon,9,64,64,69.0,7,1,163,7.1,242,102,35,19.0,14,205,,,,,,,101.14,103.138,-1.99751,0.44,119.29,102.634,16.6554,0.852
2008,10,89,1099,17,Temple,12,64,64,61.0,87,1097,28,Oral Roberts,13,64,64,63.0,-1,0,72,14.9,77,120,63,15.9,101,96,,,,,,,112.696,100.26,12.4365,0.785,104.822,93.6893,11.1323,0.763
2008,11,85,1095,40,Kentucky,11,64,64,66.0,83,1093,52,Cornell,14,64,64,53.0,-3,0,68,15.6,46,99,128,10.1,252,52,,,,,,,106.849,97.1469,9.70175,0.784,110.651,105.607,5.04434,0.602
2008,12,81,1091,22,Saint Mary's,10,64,64,64.0,79,1089,62,Austin Peay,15,64,64,54.0,-5,0,34,19.3,93,167,159,7.6,230,16,,,,,,,110.005,94.2943,15.7105,0.856,104.504,104.677,-0.1731,0.472
2008,13,77,1087,33,Mississippi Valley St.,16,64,64,29.0,76,1086,57,BYU,8,64,64,62.0,8,1,310,-4.5,335,41,31,19.5,71,93,,,,,,,92.1127,107.08,-14.9674,0.141,106.852,90.7846,16.0675,0.864
2008,14,74,1084,50,Drake,5,64,64,99.0,72,1082,54,Connecticut,4,64,64,69.0,1,1,26,21.4,66,29,23,21.7,23,98,,,,,,,119.786,97.4463,22.3393,0.912,115.173,96.0511,19.1215,0.901
2008,15,69,1079,61,Baylor,11,64,64,79.0,67,1077,46,Georgia,14,64,64,61.0,-3,0,40,18.3,36,81,89,13.6,51,152,,,,,,,115.389,100.017,15.3717,0.855,104.018,96.1227,7.89531,0.723
2008,16,65,1075,64,Arizona,10,64,64,65.0,63,1073,60,Belmont,15,64,64,70.0,-5,0,27,21.3,5,306,138,9.2,229,26,,,,,,,116.577,96.3494,20.2271,0.904,109.436,106.857,2.57916,0.514
2009,1,252,1200,107,Louisville,1,8,64,74.0,251,1199,97,Morehead St.,16,64,64,54.0,-15,0,7,26.2,7,94,155,7.6,177,177,,,,,,,109.217,83.849,25.3676,0.953,102.308,102.325,-0.01708,0.435
2009,2,248,1196,75,Utah,5,64,64,71.0,246,1194,71,Wake Forest,4,64,64,69.0,1,1,33,19.3,51,141,13,22.9,16,68,,,,,,,110.948,91.91,19.0381,0.885,111.358,91.0587,20.299,0.911
2009,3,244,1192,69,West Virginia,6,64,64,60.0,241,1189,94,North Dakota St.,14,64,64,74.0,-8,0,9,25.3,1,333,57,16.5,134,158,,,,,,,114.693,89.6619,25.031,0.944,113.637,101.211,12.4256,0.759
2009,4,240,1188,124,Boston College,7,64,64,55.0,237,1185,85,Robert Morris,15,64,64,62.0,-8,0,62,16.1,48,26,156,7.6,273,96,,,,,,,113.378,101.263,12.1159,0.805,101.428,99.9183,1.5095,0.549
2009,5,235,1183,119,Chattanooga,16,64,64,47.0,234,1182,122,BYU,8,64,64,66.0,8,1,195,5.3,218,145,21,21.9,62,262,,,,,,,104.271,108.116,-3.84568,0.405,114.296,92.6399,21.6562,0.916
2009,6,231,1179,93,Northern Iowa,12,64,64,56.0,229,1177,99,Mississippi St.,13,64,64,58.0,-1,0,90,12.6,97,17,63,16.1,69,166,,,,,,,110.659,100.806,9.85203,0.726,107.733,95.9223,11.8111,0.797
2009,7,227,1175,74,Utah St.,11,64,64,57.0,225,1173,115,Cornell,14,64,64,59.0,-3,0,56,16.6,124,12,100,11.5,236,307,,,,,,,117.04,101.747,15.293,0.825,108.108,102.611,5.49712,0.648
2009,8,224,1172,120,California,7,64,64,71.0,221,1169,121,Cal St. Northridge,15,64,64,70.0,-8,0,31,19.3,26,73,108,10.4,150,296,,,,,,,116.839,98.6172,18.2213,0.882,101.374,96.2591,5.11477,0.634
2009,9,219,1167,112,East Tennessee St.,16,64,64,62.0,217,1165,80,Tennessee,9,64,64,75.0,7,1,106,11.3,209,316,25,20.5,22,283,,,,,,,106.255,101.161,5.09407,0.611,114.801,98.2193,16.5817,0.876
2009,10,216,1164,111,Florida St.,5,64,64,59.0,213,1161,88,Portland St.,13,64,64,59.0,-8,0,40,18.1,17,1,112,10.2,194,80,,,,,,,105.685,89.7283,15.9569,0.847,108.934,104.084,4.85027,0.611
2009,11,211,1159,73,VCU,11,64,64,64.0,209,1157,128,American,14,64,64,67.0,-3,0,71,15.2,121,231,143,8.3,258,15,,,,,,,109.286,96.5255,12.7601,0.807,104.705,100.204,4.50143,0.601
2009,12,207,1155,100,Minnesota,10,64,64,62.0,205,1153,125,Binghamton,15,64,64,62.0,-5,0,49,17.1,46,49,192,5.4,276,5,,,,,,,107.586,91.8263,15.7592,0.855,101.747,102.618,-0.87142,0.469
2009,13,203,1151,86,Radford,16,64,64,58.0,201,1149,123,Butler,9,64,64,71.0,7,1,140,8.5,213,122,37,18.6,79,35,,,,,,,101.326,101.791,-0.46529,0.454,109.777,93.6264,16.1506,0.852
2009,14,200,1148,109,Illinois,5,64,64,72.0,197,1145,130,Akron,13,64,64,64.0,-8,0,26,20.4,37,93,87,12.8,137,279,,,,,,,106.425,87.3285,19.0963,0.906,102.057,95.0743,6.9826,0.698
2009,15,195,1143,81,Temple,11,64,64,57.0,193,1141,83,Stephen F. Austin,14,64,64,44.0,-3,0,51,16.8,63,140,77,14.2,152,121,,,,,,,109.311,94.9885,14.3226,0.824,97.6543,90.9171,6.73718,0.675
2009,16,192,1140,118,Clemson,7,64,64,59.0,189,1137,96,Morgan St.,15,64,64,54.0,-8,0,16,22.5,29,216,170,7.1,266,100,,,,,,,116.758,96.4646,20.2938,0.908,99.986,98.5712,1.41474,0.506
2010,1,378,1264,180,Kansas,1,32,64,90.0,377,1263,177,Lehigh,16,64,64,74.0,-15,0,1,32.6,2,68,208,5.2,305,114,66.1,40.4,64.8,40.0,,,119.854,87.3419,32.5121,0.97,104.907,106.362,-1.45422,0.44
2010,2,373,1259,166,New Mexico St.,12,64,64,67.0,371,1257,181,Houston,13,64,64,77.0,-1,0,128,10.5,106,1,82,14.9,90,320,66.4,37.9,63.4,35.6,,,111.342,105.22,6.12172,0.598,111.84,102.537,9.30246,0.736
2010,3,369,1255,151,San Diego St.,11,64,64,59.0,368,1254,184,Georgetown,3,64,64,83.0,8,1,45,19.9,66,89,16,24.2,4,188,73.7,31.8,63.5,38.6,,,111.49,94.1721,17.3175,0.849,116.551,92.2687,24.2828,0.922
2010,4,366,1252,159,Oklahoma St.,7,64,64,59.0,363,1249,144,UC Santa Barbara,15,64,64,51.0,-8,0,47,19.8,31,65,144,9.4,169,10,63.1,34.9,64.2,37.6,,,111.497,94.9637,16.5333,0.893,100.038,97.6604,2.37748,0.579
2010,5,361,1247,139,Vermont,16,64,64,56.0,359,1245,185,Florida St.,9,64,64,60.0,7,1,153,9.0,255,66,24,22.5,14,101,56.5,31.7,64.2,33.4,,,103.697,100.573,3.12414,0.557,104.941,86.3361,18.605,0.898
2010,6,357,1243,141,UTEP,12,64,64,59.0,356,1242,140,Vanderbilt,4,64,64,65.0,8,1,35,20.6,75,81,28,22.0,30,87,69.5,34.3,63.9,36.9,,,107.504,89.9248,17.5793,0.886,113.609,96.0838,17.5253,0.881
2010,7,353,1239,172,Minnesota,11,64,64,54.0,351,1237,162,Oakland,14,64,64,66.0,-3,0,21,22.7,21,341,111,12.3,144,6,59.1,39.9,59.9,31.6,,,112.547,93.7989,18.7481,0.902,107.635,103.917,3.71824,0.585
2010,8,349,1235,186,Florida,10,64,64,92.0,347,1233,165,North Texas,15,64,64,62.0,-5,0,51,19.3,36,147,173,7.8,245,4,66.6,31.3,64.3,32.8,,,112.433,97.4388,14.9939,0.845,102.939,103.298,-0.35881,0.458
2010,9,345,1231,187,East Tennessee St.,16,64,64,71.0,344,1230,146,Texas,8,64,64,80.0,8,1,149,9.1,178,146,8,25.8,12,300,59.4,31.2,64.2,34.5,,,100.3,97.8928,2.40771,0.532,113.444,92.8117,20.6323,0.917
2010,10,342,1228,148,Temple,5,64,64,65.0,339,1225,132,Wofford,13,64,64,49.0,-8,0,40,20.4,68,7,96,13.7,146,50,62.7,33.2,55.1,35.1,,,107.306,86.2797,21.0266,0.912,104.267,94.8414,9.42513,0.74
2010,11,338,1224,175,Marquette,6,64,64,78.0,335,1221,170,Montana,14,64,64,57.0,-8,0,26,22.2,18,206,89,14.0,163,232,64.2,41.1,64.4,39.3,,,114.599,94.1043,20.4947,0.901,106.707,98.1992,8.50753,0.611
2010,12,334,1220,190,Clemson,7,64,64,78.0,331,1217,169,Morgan St.,15,64,64,50.0,-8,0,18,23.9,15,293,142,9.4,248,41,65.4,34.2,54.6,33.2,,,109.94,90.3071,19.633,0.912,105.657,103.75,1.90682,0.511
2010,13,329,1215,195,Arkansas Pine Bluff,16,64,64,44.0,327,1213,176,Louisville,9,64,64,62.0,7,1,240,2.8,284,133,31,21.1,28,296,57.1,29.9,67.8,33.7,,,91.8221,99.7369,-7.91476,0.3,115.013,97.1787,17.834,0.868
2010,14,325,1211,142,Utah St.,12,64,64,53.0,323,1209,150,Siena,13,64,64,64.0,-1,0,25,22.3,93,326,68,16.6,129,70,63.6,41.6,59.4,32.1,,,116.361,95.0722,21.2893,0.902,109.569,95.6534,13.9156,0.804
2010,15,322,1208,163,Notre Dame,6,64,64,50.0,319,1205,152,Sam Houston St.,14,64,64,59.0,-8,0,50,19.5,51,138,84,14.9,172,153,61.0,38.7,63.5,37.6,,,119.809,101.439,18.3693,0.88,110.763,103.694,7.06873,0.692
2010,16,318,1204,155,Richmond,7,64,64,71.0,315,1201,154,Robert Morris,15,64,64,70.0,-8,0,59,17.7,71,9,210,5.1,274,18,62.2,35.5,58.0,36.1,,,108.108,92.8809,15.2274,0.845,99.6218,101.452,-1.83054,0.426
2011,1,504,1328,226,Ohio St.,1,16,64,75.0,503,1327,204,UTSA,16,64,64,46.0,-15,0,2,31.5,2,65,208,5.8,243,29,66.9,42.3,62.1,35.7,,,123.643,91.4115,32.232,0.974,101.474,106.668,-5.19344,0.398
2011,2,499,1323,254,Clemson,12,64,64,76.0,497,1321,222,Princeton,13,64,64,57.0,-1,0,35,20.4,44,240,105,12.4,172,6,62.2,34.4,58.1,36.9,,,107.856,90.4152,17.4409,0.881,106.219,97.4016,8.81724,0.715
2011,3,496,1320,196,Xavier,6,64,64,55.0,493,1317,243,Indiana St.,14,64,64,60.0,-8,0,44,19.4,70,80,115,11.7,109,60,63.5,33.0,61.6,35.4,,,112.808,96.2683,16.5395,0.84,101.49,96.8677,4.62225,0.681
2011,4,491,1315,247,Georgia,10,64,64,65.0,489,1313,238,LIU Brooklyn,15,64,64,87.0,-5,0,60,17.5,53,71,133,10.9,288,21,62.5,34.3,62.9,36.1,,,107.153,95.1889,11.9637,0.836,108.912,103.533,5.37973,0.598
2011,5,487,1311,245,Hampton,16,64,64,45.0,485,1309,214,Tennessee,9,64,64,45.0,7,1,209,5.7,316,17,48,18.6,33,219,58.4,32.1,61.6,30.0,,,93.9345,97.7279,-3.79341,0.376,107.96,94.5968,13.3636,0.85
2011,6,483,1307,235,Memphis,12,64,64,75.0,481,1305,227,Oakland,13,64,64,81.0,-1,0,80,15.0,80,1,55,17.8,78,96,63.1,32.9,71.8,37.2,,,103.673,96.7112,6.96184,0.699,117.282,104.345,12.9371,0.789
2011,7,479,1303,232,Missouri,11,64,64,63.0,477,1301,258,Bucknell,14,64,64,52.0,-3,0,24,22.3,28,229,116,11.7,214,62,65.5,36.2,60.0,39.6,,,112.932,96.3729,16.559,0.864,105.356,97.7759,7.57974,0.696
2011,8,475,1299,224,Penn St.,10,64,64,64.0,473,1297,229,Northern Colorado,15,64,64,50.0,-5,0,59,17.6,18,20,106,12.3,156,124,59.5,33.9,54.4,38.3,,,111.847,97.4264,14.4209,0.833,106.011,101.426,4.58447,0.602
2011,9,471,1295,259,Boston University,16,64,64,53.0,470,1294,207,UNLV,8,64,64,62.0,8,1,203,6.0,280,75,21,22.6,34,150,57.7,35.5,65.0,33.0,,,102.907,103.292,-0.38517,0.453,110.321,91.5518,18.7696,0.898
2011,10,468,1292,203,Vanderbilt,5,64,64,66.0,466,1290,237,Louisville,4,64,64,61.0,1,1,25,22.3,32,248,13,25.0,17,236,62.5,37.1,66.6,36.2,,,115.206,97.7687,17.437,0.879,111.247,88.3769,22.87,0.924
2011,11,464,1288,248,Georgetown,6,64,64,56.0,461,1285,219,Saint Peter's,14,64,64,43.0,-8,0,26,22.3,7,86,163,8.9,159,23,66.5,34.7,50.2,34.4,,,114.287,95.2916,18.9952,0.884,95.0018,91.7599,3.24183,0.565
2011,12,460,1284,212,Texas A&M,7,64,64,50.0,457,1281,263,Akron,15,64,64,56.0,-8,0,36,20.3,43,37,127,11.1,171,121,60.5,33.8,53.2,36.0,,,109.943,94.5593,15.3838,0.818,103.29,99.533,3.75741,0.58
2011,13,455,1279,208,UNC Asheville,16,64,64,51.0,453,1277,225,Old Dominion,9,64,64,58.0,7,1,125,11.2,183,301,67,16.7,93,8,61.9,31.7,61.5,32.9,,,101.432,99.0391,2.393,0.483,109.126,94.8747,14.251,0.809
2011,14,451,1275,205,Utah St.,12,64,64,68.0,449,1273,260,Belmont,13,64,64,58.0,-1,0,23,22.4,82,52,16,23.2,122,260,62.4,35.7,60.0,37.8,,,110.413,90.2135,20.1997,0.895,112.236,93.268,18.9677,0.88
2011,15,448,1272,217,St. John's,6,64,64,71.0,445,1269,197,Wofford,14,64,64,66.0,-8,0,40,19.7,19,25,95,13.4,128,234,61.8,33.7,57.8,40.0,,,110.496,93.6698,16.8263,0.875,111.911,104.341,7.57016,0.699
2011,16,443,1267,233,Michigan St.,10,64,64,76.0,441,1265,210,UC Santa Barbara,15,64,64,51.0,-5,0,39,19.8,9,107,124,11.3,139,217,58.9,35.0,65.6,36.4,,,108.503,93.7079,14.7956,0.842,103.503,99.4018,4.10161,0.582
2012,1,630,1392,308,Kentucky,1,1,64,81.0,629,1391,267,Western Kentucky,16,64,64,66.0,-15,0,1,26.3,7,70,209,0.6,163,68,71.0,37.8,57.3,30.6,,,120.566,88.8382,31.7277,0.97,98.1875,101.022,-2.83435,0.41
2012,2,626,1388,266,Wichita St.,5,64,64,59.0,623,1385,292,New Mexico St.,13,64,64,66.0,-8,0,10,20.1,51,238,72,10.7,146,226,67.2,36.9,66.1,32.7,,,116.963,93.7271,23.2362,0.93,109.141,97.4887,11.6518,0.728
2012,3,622,1384,273,UNLV,6,64,64,64.0,619,1381,281,South Dakota St.,14,64,64,60.0,-8,0,25,16.2,47,147,67,11.3,157,155,64.2,36.7,61.3,39.0,,,109.975,93.9097,16.0655,0.875,113.756,102.043,11.7129,0.767
2012,4,618,1380,288,Notre Dame,7,64,64,63.0,616,1378,319,Duke,2,64,64,70.0,5,1,42,13.7,27,60,11,20.1,9,38,62.8,33.2,65.4,37.1,,,110.251,96.0393,14.2112,0.789,117.909,97.043,20.8659,0.914
2012,5,613,1375,305,LIU Brooklyn,16,64,64,67.0,612,1374,300,Memphis,8,64,64,54.0,8,1,153,4.9,205,7,13,19.2,42,312,60.7,37.1,67.5,36.2,,,108.1,107.557,0.542871,0.532,114.7,92.1444,22.5554,0.91
2012,6,609,1371,304,Long Beach St.,12,64,64,68.0,607,1369,321,Davidson,13,64,64,62.0,-1,0,46,13.0,88,116,51,12.2,126,169,67.2,35.5,58.3,33.7,,,111.581,95.9447,15.6363,0.804,111.768,101.075,10.6934,0.787
2012,7,605,1367,324,Colorado St.,11,64,64,41.0,603,1365,328,BYU,14,64,64,68.0,-3,0,84,9.8,65,39,39,13.8,96,213,66.3,40.0,71.4,34.9,,,113.273,103.767,9.50647,0.724,106.894,93.9601,12.9336,0.818
2012,8,601,1363,269,Virginia,10,64,64,45.0,600,1362,296,Missouri,2,64,64,84.0,8,1,28,15.7,35,177,7,22.4,11,63,62.0,33.0,68.0,39.8,,,106.186,88.8224,17.3633,0.882,124.486,97.8055,26.6802,0.946
2012,9,597,1359,274,UNC Asheville,16,64,64,65.0,595,1357,279,Southern Miss,9,64,64,64.0,7,1,104,8.2,191,181,73,10.5,92,12,64.5,35.0,48.0,35.5,,,109.605,104.64,4.96548,0.576,111.225,99.9599,11.2651,0.78
2012,10,593,1355,314,Harvard,12,64,64,70.0,591,1353,295,Montana,13,64,64,49.0,-1,0,47,12.8,122,36,107,7.9,227,87,62.9,35.6,58.8,38.2,,,108.398,93.6424,14.756,0.839,103.543,95.6693,7.87347,0.675
2012,11,589,1351,275,Texas,11,64,64,59.0,587,1349,278,St. Bonaventure,14,64,64,63.0,-3,0,24,16.2,13,269,57,11.8,69,191,60.8,32.8,63.4,34.5,,,113.26,96.748,16.5122,0.837,110.138,98.5497,11.5887,0.807
2012,12,585,1347,268,West Virginia,10,64,64,54.0,583,1345,302,Loyola MD,15,64,64,59.0,-5,0,37,14.7,26,292,134,5.8,175,8,62.0,29.8,55.3,33.9,,,111.599,97.0738,14.5249,0.848,103.745,100.068,3.6774,0.593
2012,13,581,1343,270,Vermont,16,64,64,58.0,579,1341,331,Alabama,9,64,64,57.0,7,1,130,6.2,219,230,29,15.7,29,262,56.7,34.0,65.3,28.9,,,104.447,100.224,4.2234,0.571,106.031,89.3714,16.6596,0.883
2012,14,578,1340,276,Temple,5,64,64,44.0,576,1338,299,Michigan,4,64,64,60.0,1,1,36,14.7,41,28,31,15.6,10,6,62.5,39.4,70.3,35.1,,,114.086,98.5508,15.5352,0.864,113.975,95.8679,18.1066,0.885
2012,15,574,1336,282,San Diego St.,6,64,64,65.0,571,1333,329,Belmont,14,64,64,59.0,-8,0,60,11.7,70,4,23,16.5,102,297,70.5,33.9,62.3,38.1,,,107.254,94.7608,12.4935,0.775,117.088,99.4192,17.6692,0.857
2012,16,570,1332,283,Saint Mary's,7,64,64,69.0,567,1329,320,Detroit,15,64,64,50.0,-8,0,38,14.3,99,62,123,6.6,148,146,67.3,33.7,65.6,29.1,,,114.424,98.8981,15.5262,0.828,108.41,102.907,5.50243,0.603
2013,1,756,1456,370,Louisville,1,1,64,79.0,755,1455,356,North Carolina A&T,16,64,64,48.0,-15,0,3,21.3,5,183,242,-5.0,298,90,64.5,33.4,56.7,30.7,,,114.313,83.1717,31.1411,0.969,92.5828,97.9108,-5.32804,0.351
2013,2,752,1452,350,Oklahoma St.,5,64,64,55.0,749,1449,358,New Mexico St.,13,64,64,44.0,-8,0,22,13.5,20,81,84,5.4,119,63,63.5,31.6,61.7,31.9,,,109.664,90.2456,19.4182,0.908,105.566,96.7219,8.84441,0.714
2013,3,747,1447,345,Saint Mary's,11,64,64,52.0,745,1445,337,Valparaiso,14,64,64,54.0,-3,0,33,12.2,95,106,76,6.7,134,52,59.2,37.3,62.9,36.9,,,116.686,97.7603,18.9259,0.881,111.066,99.147,11.9193,0.756
2013,4,743,1443,391,Cincinnati,10,64,64,63.0,741,1441,398,Albany,15,64,64,61.0,-5,0,31,12.2,24,198,172,-0.4,246,15,59.9,31.6,55.5,37.0,,,105.794,90.2087,15.5856,0.884,102.346,101.191,1.15535,0.543
2013,5,739,1439,342,Southern,16,64,64,58.0,738,1438,347,Pittsburgh,8,64,64,55.0,8,1,199,-1.8,326,117,8,17.1,16,303,61.9,36.7,61.5,34.9,,,99.0012,99.294,-0.29274,0.459,116.301,91.1994,25.1014,0.929
2013,6,736,1436,332,Wisconsin,5,64,64,46.0,734,1434,374,Kansas St.,4,64,64,61.0,1,1,10,16.5,1,244,23,13.3,15,9,59.2,33.0,60.9,35.8,,,108.829,85.8206,23.008,0.937,113.291,95.0325,18.2582,0.887
2013,7,731,1431,396,Belmont,11,64,64,64.0,730,1430,359,New Mexico,3,64,64,62.0,8,1,38,11.6,109,175,27,12.8,30,3,64.3,37.2,60.7,35.1,,,111.598,95.8476,15.7507,0.83,110.537,89.8302,20.7068,0.864
2013,8,728,1428,353,Notre Dame,7,64,64,58.0,725,1425,378,Iona,15,64,64,70.0,-8,0,32,12.2,26,50,86,5.2,120,274,62.5,36.8,57.7,36.7,,,115.515,98.0769,17.4382,0.88,114.644,106.791,7.85234,0.716
2013,9,723,1423,334,Western Kentucky,16,64,64,57.0,721,1421,335,Villanova,9,64,64,71.0,7,1,180,-0.8,185,89,57,8.8,27,76,59.4,32.7,55.5,33.2,,,101.798,102.763,-0.9659,0.468,106.057,92.4411,13.6158,0.835
2013,10,719,1419,399,Akron,12,64,64,42.0,717,1417,343,South Dakota St.,13,64,64,56.0,-1,0,56,8.8,118,73,98,4.4,169,93,58.8,32.8,63.7,38.9,,,107.801,94.0583,13.7427,0.793,112.586,105.42,7.16609,0.651
2013,11,716,1416,339,UCLA,6,64,64,63.0,713,1413,354,Northwestern St.,14,64,64,47.0,-8,0,39,11.6,38,75,135,1.7,227,41,63.2,33.4,63.9,31.0,,,111.467,96.3046,15.1624,0.856,106.886,103.699,3.18756,0.583
2013,12,711,1411,351,Oklahoma,10,64,64,55.0,710,1410,383,Georgetown,2,64,64,68.0,8,1,43,10.6,22,113,18,14.0,12,10,64.6,32.2,60.1,35.4,,,111.409,97.0916,14.3172,0.835,107.747,85.5846,22.1624,0.936
2013,13,707,1407,376,James Madison,16,64,64,62.0,706,1406,355,North Carolina St.,8,64,64,72.0,8,1,187,-1.3,191,45,28,12.7,28,167,63.3,33.6,63.9,39.1,,,99.5556,101.23,-1.67462,0.451,116.772,99.3673,17.4046,0.869
2013,14,704,1404,338,UNLV,5,64,64,61.0,701,1401,360,Montana,13,64,64,34.0,-8,0,35,12.0,44,143,144,1.1,238,4,64.3,32.6,64.0,36.4,,,106.858,89.633,17.2254,0.877,105.569,102.857,2.71159,0.536
2013,15,699,1399,394,Bucknell,11,64,64,56.0,697,1397,387,Davidson,14,64,64,58.0,-3,0,71,7.3,140,16,55,8.9,136,201,56.2,35.8,62.8,36.6,,,107.882,94.4384,13.4434,0.808,112.441,101.27,11.1711,0.775
2013,16,695,1395,390,Colorado,10,64,64,49.0,693,1393,348,Pacific,15,64,64,49.0,-5,0,51,9.5,32,55,134,1.8,141,30,58.9,34.1,57.7,38.9,,,107.269,92.4737,14.7956,0.85,106.871,101.331,5.53976,0.628
2014,1,882,1520,451,Florida,1,4,64,67.0,881,1519,467,Albany,16,64,64,55.0,-15,0,3,19.0,11,7,191,-1.4,218,160,63.4,35.9,54.2,36.0,,,116.216,88.4056,27.8106,0.955,102.179,103.893,-1.71363,0.447
2014,2,878,1516,408,VCU,5,64,64,75.0,875,1513,410,Tulsa,13,64,64,59.0,-8,0,23,14.2,56,224,89,5.5,112,218,55.3,34.9,63.2,32.7,,,108.679,88.4655,20.2135,0.891,105.972,96.6323,9.33939,0.73
2014,3,874,1512,425,Ohio St.,6,64,64,59.0,871,1509,404,Western Michigan,14,64,64,53.0,-8,0,14,16.4,13,246,127,2.4,156,13,62.8,32.5,68.5,32.6,,,109.354,87.6797,21.6743,0.92,106.443,102.024,4.41973,0.58
2014,4,870,1508,431,New Mexico,7,64,64,53.0,867,1505,452,Eastern Kentucky,15,64,64,69.0,-8,0,31,11.9,65,24,120,3.0,217,133,64.9,33.1,64.6,38.6,,,113.782,96.2346,17.5475,0.861,111.315,108.295,3.01993,0.586
2014,5,865,1503,459,Coastal Carolina,16,64,64,59.0,863,1501,450,George Washington,9,64,64,66.0,7,1,215,-3.2,287,57,58,9.2,69,12,57.0,32.6,63.9,36.3,,,97.0064,102.979,-5.97261,0.355,110.212,95.9821,14.2297,0.825
2014,6,862,1500,460,Cincinnati,5,64,64,57.0,859,1497,454,Delaware,13,64,64,78.0,-8,0,27,13.5,43,26,101,4.6,122,15,63.6,33.6,58.6,34.7,,,109.197,90.1186,19.0788,0.883,111.299,105.513,5.78601,0.63
2014,7,857,1495,420,Providence,11,64,64,77.0,855,1493,428,North Carolina Central,14,64,64,75.0,-3,0,45,10.5,26,27,84,6.1,241,127,56.8,34.8,58.4,32.5,,,114.031,99.2945,14.7367,0.815,107.276,98.9836,8.29208,0.684
2014,8,853,1491,419,Saint Joseph's,10,64,64,81.0,851,1489,434,Milwaukee,15,64,64,53.0,-5,0,65,8.0,73,8,180,-0.7,144,3,63.8,37.9,55.8,32.7,,,111.261,98.2332,13.0273,0.839,104.63,104.266,0.3633,0.5
2014,9,849,1487,405,Weber St.,16,64,64,59.0,847,1485,423,Oklahoma St.,9,64,64,77.0,7,1,143,1.4,236,270,12,16.7,12,348,63.4,39.4,64.7,36.5,,,106.025,106.516,-0.49027,0.462,115.772,94.2393,21.5328,0.917
2014,10,846,1484,424,Oklahoma,5,64,64,75.0,843,1481,430,New Mexico St.,13,64,64,69.0,-8,0,37,11.1,32,25,76,6.8,160,225,60.2,37.9,67.8,36.1,,,117.886,99.4806,18.4058,0.877,112.746,102.113,10.6331,0.746
2014,11,841,1479,432,Nebraska,11,64,64,60.0,839,1477,442,Louisiana Lafayette,14,64,64,66.0,-3,0,67,7.9,31,17,121,2.9,167,89,62.6,33.3,64.8,37.1,,,108.82,95.6836,13.1363,0.805,109.939,104.85,5.08877,0.655
2014,12,837,1475,462,BYU,10,64,64,68.0,835,1473,466,American,15,64,64,35.0,-5,0,47,10.2,71,195,130,2.3,170,174,65.9,36.7,63.2,37.8,,,114.713,99.9591,14.7544,0.815,103.925,98.0491,5.87548,0.639
2014,13,833,1471,461,Cal Poly,16,64,64,37.0,831,1469,444,Kansas St.,9,64,64,49.0,7,1,173,-0.4,136,311,54,9.3,46,105,55.5,33.0,63.1,33.1,,,103.247,103.846,-0.59937,0.47,108.305,93.9099,14.3949,0.849
2014,14,829,1467,427,North Carolina St.,12,64,64,80.0,827,1465,440,Manhattan,13,64,64,64.0,-1,0,73,7.0,54,20,85,6.0,138,45,68.6,30.4,55.5,36.9,,,113.205,102.658,10.5467,0.776,106.544,96.9886,9.55527,0.734
2014,15,826,1464,439,Massachusetts,6,64,64,67.0,824,1462,453,Duke,3,64,64,71.0,3,1,52,9.5,66,19,4,18.6,7,268,59.0,34.6,63.3,39.4,,,109.841,95.6537,14.1875,0.821,124.75,99.4399,25.3098,0.949
2014,16,821,1459,464,Arizona St.,10,64,64,85.0,819,1457,401,Wofford,15,64,64,40.0,-5,0,38,11.0,37,128,185,-0.9,262,182,58.9,39.0,60.0,34.6,,,110.175,94.7808,15.3941,0.834,100.924,102.947,-2.02301,0.413
2015,1,1008,1584,510,Kentucky,1,4,64,79.0,1007,1583,516,Hampton,16,64,64,56.0,-15,0,1,25.8,11,42,255,-5.2,305,256,70.7,34.9,52.5,30.6,,,121.27,83.8367,37.4333,0.983,96.0398,104.551,-8.51136,0.264
2015,2,1003,1579,529,Buffalo,12,64,64,62.0,1001,1577,477,Valparaiso,13,64,64,62.0,-1,0,65,7.4,102,132,91,4.9,179,11,60.6,34.2,59.0,38.8,,,111.344,99.0045,12.339,0.777,106.629,95.6594,10.9697,0.775
2015,3,999,1575,483,Texas,11,64,64,48.0,997,1573,497,Northeastern,14,64,64,65.0,-3,0,18,14.7,9,325,120,2.9,125,35,63.2,33.9,59.3,38.6,,,112.877,92.759,20.1184,0.9,107.892,103.071,4.82045,0.653
2015,4,995,1571,514,Indiana,10,64,64,76.0,993,1569,502,New Mexico St.,15,64,64,56.0,-5,0,35,10.8,32,220,107,4.0,199,241,59.0,40.7,60.5,36.2,,,119.285,105.478,13.8074,0.833,106.825,99.8197,7.0055,0.672
2015,5,991,1567,525,Coastal Carolina,16,64,64,72.0,989,1565,492,Oklahoma St.,9,64,64,73.0,7,1,133,1.4,283,170,34,11.1,16,205,56.5,35.9,63.2,34.7,,,105.424,103.803,1.6211,0.539,111.825,95.6458,16.1789,0.843
2015,6,987,1563,470,Wofford,12,64,64,53.0,985,1561,515,Harvard,13,64,64,65.0,-1,0,114,3.5,183,3,85,5.5,118,50,63.0,36.8,55.3,34.5,,,104.909,98.5115,6.39782,0.648,103.686,94.9442,8.74154,0.696
2015,7,983,1559,503,Mississippi,11,64,64,57.0,982,1558,532,Baylor,3,64,64,56.0,8,1,45,9.8,50,223,17,14.8,10,84,57.8,33.2,58.0,38.4,,,114.568,100.141,14.4267,0.816,117.192,93.7123,23.4796,0.927
2015,8,980,1556,476,VCU,7,64,64,72.0,977,1553,482,Texas Southern,15,64,64,72.0,-8,0,29,11.7,51,93,216,-3.4,267,7,56.3,34.3,59.9,32.3,,,110.62,94.1043,16.5157,0.848,103.049,106.918,-3.8688,0.36
2015,9,975,1551,509,Lafayette,16,64,64,52.0,973,1549,507,LSU,9,64,64,65.0,7,1,173,-0.9,208,45,49,8.9,65,82,61.4,40.9,63.8,33.9,,,112.691,114.45,-1.75874,0.421,108.743,94.7996,13.9432,0.823
2015,10,971,1547,469,Wyoming,12,64,64,54.0,969,1545,480,UC Irvine,13,64,64,55.0,-1,0,112,3.6,115,10,102,4.2,121,208,74.1,32.6,57.9,38.4,,,104.478,98.0741,6.40364,0.642,105.818,98.9592,6.85898,0.706
2015,11,968,1544,490,Providence,6,64,64,53.0,965,1541,535,Albany,14,64,64,60.0,-8,0,36,10.8,25,49,149,0.8,216,14,60.0,31.3,53.9,35.8,,,112.954,95.3871,17.5673,0.88,106.463,103.431,3.03231,0.572
2015,12,963,1539,519,Georgia,10,64,64,63.0,961,1537,531,Belmont,15,64,64,67.0,-5,0,41,10.0,34,67,130,1.8,181,60,62.6,34.2,65.2,37.6,,,109.524,94.1302,15.3937,0.842,109.115,107.619,1.49515,0.522
2015,13,959,1535,488,Robert Morris,16,64,64,56.0,957,1533,485,St. John's,9,64,64,64.0,7,1,197,-2.0,238,121,52,8.7,37,20,56.0,37.5,62.8,34.5,,,102.327,103.869,-1.54229,0.421,110.125,95.8018,14.3233,0.857
2015,14,955,1531,484,Stephen F. Austin,12,64,64,50.0,953,1529,521,Eastern Washington,13,64,64,74.0,-1,0,57,7.9,191,56,135,1.3,221,15,64.7,37.3,59.6,39.3,,,114.494,100.484,14.0106,0.801,112.165,109.197,2.96737,0.586
2015,15,952,1528,486,SMU,6,64,64,59.0,950,1526,512,Iowa St.,3,64,64,59.0,3,1,32,11.3,78,48,14,16.4,5,70,63.6,36.4,67.2,36.2,,,113.524,95.4867,18.0372,0.867,120.166,97.135,23.031,0.909
2015,16,947,1523,524,Davidson,10,64,64,52.0,945,1521,499,North Dakota St.,15,64,64,76.0,-5,0,39,10.6,72,73,180,-1.1,239,5,62.4,38.6,56.5,38.3,,,120.481,103.662,16.8188,0.853,102.68,102.079,0.601364,0.489
2016,1,1134,1648,578,Kansas,1,8,64,105.0,1133,1647,602,Austin Peay,16,64,64,79.0,-15,0,1,21.2,1,44,238,-5.1,238,62,64.3,41.3,62.5,35.1,,,120.379,90.575,29.804,0.961,104.005,109.104,-5.09934,0.327
2016,2,1129,1643,559,South Dakota St.,12,64,64,74.0,1128,1642,597,California,4,64,64,66.0,8,1,94,5.6,150,60,30,13.3,36,201,56.0,36.1,64.4,36.3,,,110.826,101.245,9.58182,0.744,112.902,93.2625,19.6396,0.899
2016,3,1126,1640,603,Arizona,6,64,64,55.0,1123,1637,600,Buffalo,14,64,64,72.0,-8,0,13,16.4,39,283,126,2.3,121,98,65.7,38.1,58.5,33.7,,,117.368,95.4851,21.8831,0.905,105.541,102.83,2.71119,0.55
2016,4,1121,1635,554,Temple,10,64,64,70.0,1119,1633,549,UNC Asheville,15,64,64,56.0,-5,0,90,5.9,65,6,127,2.1,209,206,57.4,33.7,59.2,32.1,,,106.619,98.2712,8.34785,0.716,103.529,99.3166,4.21193,0.549
2016,5,1117,1631,583,Holy Cross,16,64,64,52.0,1115,1629,595,Cincinnati,9,64,64,76.0,7,1,268,-7.0,247,82,28,13.6,49,285,53.4,32.6,63.9,34.8,,,97.0369,108.525,-11.4879,0.239,110.035,92.8755,17.1593,0.872
2016,6,1114,1628,601,Baylor,5,64,64,75.0,1111,1625,548,UNC Wilmington,13,64,64,85.0,-8,0,26,14.0,12,119,107,4.4,132,11,61.4,37.4,65.0,34.5,,,118.756,98.8407,19.9152,0.877,110.051,100.792,9.25855,0.707
2016,7,1110,1624,553,Texas,6,64,64,72.0,1107,1621,586,Green Bay,14,64,64,65.0,-8,0,33,12.5,8,73,125,2.3,136,55,57.4,34.1,58.7,35.0,,,112.821,95.7146,17.1061,0.859,108.225,104.236,3.98885,0.568
2016,8,1106,1620,565,Oregon St.,7,64,64,67.0,1103,1617,598,Cal St. Bakersfield,15,64,64,68.0,-8,0,70,7.8,48,42,140,1.2,262,78,56.3,37.4,57.5,34.3,,,110.836,98.3992,12.4371,0.785,103.37,96.8714,6.49871,0.709
2016,9,1101,1615,589,Florida Gulf Coast,16,64,64,67.0,1100,1614,547,USC,8,64,64,69.0,8,1,191,-1.9,290,249,44,10.4,51,167,59.5,34.2,60.9,38.6,,,102.917,104.307,-1.39023,0.48,113.901,99.116,14.7848,0.848
2016,10,1097,1611,596,Chattanooga,12,64,64,74.0,1095,1609,556,Stony Brook,13,64,64,57.0,-1,0,108,4.2,190,4,64,8.1,154,145,62.2,35.6,60.5,37.2,,,107.156,99.7384,7.41784,0.651,107.481,98.9433,8.53773,0.697
2016,11,1093,1607,573,Michigan,11,64,64,63.0,1092,1606,540,West Virginia,3,64,64,56.0,8,1,36,11.9,21,114,5,19.1,3,190,67.2,38.0,59.9,32.5,,,115.094,100.54,14.5538,0.834,116.39,90.4754,25.9146,0.944
2016,12,1089,1603,564,Pittsburgh,10,64,64,43.0,1087,1601,541,Weber St.,15,64,64,53.0,-5,0,31,12.8,24,187,128,2.1,258,89,60.7,35.0,65.0,35.5,,,115.484,99.2827,16.2013,0.864,103.593,100.851,2.74146,0.593
2016,13,1085,1599,585,Hampton,16,64,64,45.0,1084,1598,551,Texas Tech,8,64,64,61.0,8,1,255,-6.1,323,9,54,9.1,27,36,58.0,30.5,61.9,34.6,,,99.7519,106.561,-6.80879,0.269,113.846,99.1212,14.7244,0.82
2016,14,1082,1596,562,Purdue,5,64,64,83.0,1079,1593,581,Iona,13,64,64,81.0,-8,0,8,18.1,13,236,98,5.4,125,155,71.1,36.7,57.8,36.9,,,117.0,92.4061,24.5939,0.933,110.602,102.768,7.8333,0.66
2016,15,1078,1592,560,Seton Hall,6,64,64,52.0,1075,1589,588,Fresno St.,14,64,64,69.0,-8,0,37,11.6,38,19,116,3.3,123,5,58.3,34.7,62.5,34.4,,,111.433,93.7641,17.6691,0.893,107.084,100.385,6.69862,0.652
2016,16,1074,1588,592,Dayton,7,64,64,51.0,1072,1586,572,Michigan St.,2,64,64,81.0,5,1,46,10.1,77,39,2,20.9,11,163,65.5,34.5,63.6,43.3,,,106.934,93.5907,13.3434,0.838,123.022,93.3408,29.6807,0.945
2017,1,1260,1712,612,Villanova,1,32,64,76.0,1259,1711,642,Mount St. Mary's,16,64,64,56.0,-15,0,2,22.1,12,57,221,-3.8,257,61,72.0,36.8,57.8,35.8,,,122.753,91.9756,30.7772,0.962,98.9775,103.211,-4.23312,0.403
2017,2,1255,1707,617,UNC Wilmington,12,64,64,71.0,1253,1705,662,East Tennessee St.,13,64,64,65.0,-1,0,66,8.6,110,14,81,5.9,152,39,68.8,36.3,63.4,38.2,,,117.706,105.319,12.3867,0.786,107.974,96.4902,11.4836,0.758
2017,3,1252,1704,624,SMU,6,64,64,65.0,1249,1701,640,New Mexico St.,14,64,64,73.0,-8,0,18,16.6,63,66,101,4.4,240,31,61.6,40.5,65.4,33.5,,,120.073,94.8141,25.2591,0.939,110.052,102.738,7.31463,0.687
2017,4,1247,1699,649,Marquette,10,64,64,73.0,1245,1697,620,Troy,15,64,64,65.0,-5,0,28,13.3,32,271,147,1.0,187,169,65.6,42.9,58.6,35.1,,,120.943,103.371,17.5711,0.886,109.892,107.217,2.67571,0.548
2017,5,1243,1695,622,South Dakota St.,16,64,64,46.0,1241,1693,615,Vanderbilt,9,64,64,66.0,7,1,177,-0.5,161,155,41,11.4,30,248,58.1,35.8,60.7,37.5,,,110.782,112.116,-1.33359,0.42,112.303,96.065,16.2376,0.876
2017,6,1239,1691,630,Princeton,12,64,64,58.0,1237,1689,668,Bucknell,13,64,64,80.0,-1,0,58,9.1,108,128,89,5.1,172,90,57.4,37.6,61.1,37.9,,,109.396,96.8962,12.5002,0.785,109.074,100.358,8.71601,0.706
2017,7,1236,1688,648,Maryland,6,64,64,65.0,1233,1685,660,Florida Gulf Coast,14,64,64,80.0,-8,0,44,11.0,52,10,102,4.3,198,44,66.3,36.4,64.0,33.7,,,113.565,98.7271,14.838,0.847,109.563,104.547,5.016,0.622
2017,8,1231,1683,614,VCU,10,64,64,77.0,1229,1681,636,North Dakota,15,64,64,82.0,-5,0,46,11.0,78,116,163,0.2,262,76,60.4,32.9,63.9,38.7,,,110.018,95.716,14.3025,0.797,102.854,103.166,-0.31127,0.486
2017,9,1227,1679,619,UC Davis,16,64,64,62.0,1226,1678,647,Miami FL,8,64,64,58.0,8,1,214,-3.2,252,2,31,12.9,16,68,55.5,34.4,63.2,35.7,,,97.8508,102.603,-4.75235,0.411,110.386,93.4254,16.9602,0.89
2017,10,1223,1675,641,Nevada,12,64,64,73.0,1221,1673,613,Vermont,13,64,64,70.0,-1,0,53,9.8,95,46,73,7.5,155,30,61.4,38.2,62.5,36.7,,,114.477,101.135,13.3415,0.791,110.832,98.9477,11.8847,0.77
2017,11,1220,1672,665,Creighton,6,64,64,72.0,1217,1669,657,Iona,14,64,64,77.0,-8,0,26,15.0,31,120,110,3.2,147,164,67.3,39.8,54.0,39.7,,,115.639,96.0487,19.5902,0.902,110.197,106.195,4.00176,0.59
2017,12,1215,1667,632,Oklahoma St.,10,64,64,91.0,1213,1665,655,Jacksonville St.,15,64,64,63.0,-5,0,27,14.6,7,160,198,-2.0,213,27,59.1,40.3,62.0,37.2,,,124.834,102.73,22.1043,0.918,105.363,104.78,0.583245,0.475
2017,13,1211,1663,621,Texas Southern,16,64,64,64.0,1209,1661,625,Seton Hall,9,64,64,71.0,7,1,201,-2.5,278,16,49,10.6,34,20,65.1,29.5,57.7,33.8,,,103.622,107.286,-3.66476,0.368,109.8,95.8517,13.9487,0.809
2017,14,1208,1660,643,Minnesota,5,64,64,72.0,1205,1657,606,Winthrop,13,64,64,64.0,-8,0,37,11.8,42,23,114,2.8,251,29,66.3,34.2,62.2,37.9,,,109.574,92.9833,16.5907,0.87,106.436,101.809,4.62694,0.601
2017,15,1203,1655,653,Kansas St.,11,64,64,61.0,1201,1653,652,Kent St.,14,64,64,80.0,-3,0,33,12.2,23,157,141,1.4,156,60,63.9,36.2,57.7,31.7,,,112.038,94.4839,17.5538,0.886,104.421,102.687,1.73415,0.536
2017,16,1200,1652,664,Dayton,7,64,64,58.0,1197,1649,635,Northern Kentucky,15,64,64,70.0,-8,0,40,11.5,79,137,174,-0.3,223,5,64.2,38.4,56.1,35.6,,,112.3,96.6262,15.6735,0.826,106.647,105.311,1.33605,0.536
2018,1,1386,1776,677,Virginia,1,64,64,54.0,1385,1775,680,UMBC,16,32,64,74.0,-15,0,3,20.8,5,5,182,-1.4,253,3,61.1,38.3,55.9,38.3,,,116.528,84.3753,32.1527,0.971,103.389,105.297,-1.9086,0.418
2018,2,1381,1771,726,Davidson,12,64,64,73.0,1380,1770,738,Arizona,4,64,64,68.0,8,1,51,10.1,80,301,17,15.3,60,153,62.4,38.8,67.1,36.9,,,117.399,102.494,14.9051,0.816,119.012,99.6425,19.3692,0.862
2018,3,1378,1768,711,Miami FL,6,64,64,62.0,1375,1765,673,Wright St.,14,64,64,47.0,-8,0,32,12.4,42,62,135,1.7,201,26,63.1,36.5,60.2,33.4,,,113.309,97.5988,15.7103,0.869,101.068,98.251,2.81674,0.59
2018,4,1373,1763,685,Texas,10,64,64,83.0,1371,1761,722,Georgia St.,15,64,64,53.0,-5,0,33,12.4,7,151,108,4.3,166,176,62.7,32.0,61.1,38.6,,,109.372,93.914,15.4577,0.861,109.045,101.835,7.20921,0.673
2018,5,1369,1759,683,Texas Southern,16,64,64,83.0,1368,1758,708,Missouri,8,64,64,54.0,8,1,238,-4.9,290,310,39,11.9,39,182,58.2,35.7,58.2,39.0,,,105.281,112.94,-7.659,0.298,113.275,97.803,15.4717,0.863
2018,6,1365,1755,691,South Dakota St.,12,64,64,73.0,1363,1753,679,UNC Greensboro,13,64,64,64.0,-1,0,85,6.7,114,8,99,5.3,164,46,56.2,39.4,61.4,35.0,,,114.629,104.038,10.5907,0.79,105.672,96.6156,9.0562,0.699
2018,7,1361,1751,693,San Diego St.,11,64,64,65.0,1359,1749,707,Montana,14,64,64,47.0,-3,0,50,10.1,85,269,104,4.6,182,57,62.1,33.9,60.1,34.0,,,111.286,97.1358,14.1504,0.841,110.144,99.3132,10.8304,0.72
2018,8,1357,1747,697,Providence,10,64,64,69.0,1355,1745,715,Lipscomb,15,64,64,66.0,-5,0,52,10.0,31,28,158,0.7,221,27,58.4,33.2,60.9,32.5,,,108.926,97.0075,11.9189,0.797,103.793,103.43,0.363623,0.523
2018,9,1353,1743,695,Radford,16,64,64,61.0,1352,1742,676,Virginia Tech,8,64,64,83.0,8,1,187,-1.6,244,36,36,12.2,36,112,57.8,35.3,62.4,39.1,,,103.581,103.629,-0.04778,0.453,115.016,98.3773,16.6388,0.85
2018,10,1349,1739,706,Murray St.,12,64,64,68.0,1348,1738,674,Wichita St.,4,64,64,75.0,8,1,76,7.4,161,77,12,16.8,45,212,64.9,37.3,64.7,38.2,,,113.139,100.444,12.6951,0.745,121.925,101.857,20.068,0.877
2018,11,1345,1735,690,St. Bonaventure,11,64,64,62.0,1343,1733,689,Stephen F. Austin,14,64,64,60.0,-3,0,67,8.6,83,7,114,3.7,277,63,54.2,38.6,60.2,37.6,,,112.288,101.093,11.1954,0.744,104.983,99.4206,5.56289,0.659
2018,12,1342,1732,736,Arkansas,7,64,64,62.0,1339,1729,731,Cal St. Fullerton,15,64,64,48.0,-8,0,30,13.1,26,81,184,-1.4,194,9,66.5,39.6,62.9,33.8,,,117.32,101.685,15.635,0.855,104.984,103.669,1.3154,0.467
2018,13,1337,1727,698,Penn,16,64,64,60.0,1335,1725,701,North Carolina St.,9,64,64,83.0,7,1,113,4.0,157,52,53,9.8,53,43,61.7,34.8,60.5,37.3,,,103.553,99.8577,3.69539,0.653,116.426,101.294,15.1323,0.812
2018,14,1333,1723,704,New Mexico St.,12,64,64,68.0,1331,1721,728,College of Charleston,13,64,64,58.0,-1,0,71,8.1,121,32,112,4.1,162,20,63.0,33.8,61.1,35.7,,,108.457,94.9001,13.5573,0.811,109.887,105.153,4.73418,0.543
2018,15,1330,1720,687,TCU,6,64,64,52.0,1327,1717,734,Bucknell,14,64,64,78.0,-8,0,19,14.9,18,230,79,7.3,120,201,60.1,39.6,62.2,35.2,,,120.625,101.705,18.9201,0.882,109.182,102.368,6.8137,0.652
2018,16,1325,1715,699,Oklahoma,10,64,64,78.0,1323,1713,719,Iona,15,64,64,67.0,-5,0,38,12.2,10,132,120,3.3,140,247,60.2,35.9,58.2,38.3,,,115.128,100.709,14.419,0.855,110.261,107.388,2.87263,0.54
2019,1,1512,1840,798,Duke,1,8,64,85.0,1511,1839,768,North Dakota St.,16,64,64,62.0,-15,0,1,24.8,1,126,194,-1.9,211,109,69.6,30.8,60.8,36.7,,,120.084,88.0911,31.9925,0.97,106.552,109.751,-3.19855,0.423
2019,2,1508,1836,775,Mississippi St.,5,64,64,76.0,1505,1833,759,Saint Louis,13,64,64,52.0,-8,0,21,14.8,25,139,106,5.1,95,48,64.4,37.7,57.2,30.4,,,117.395,96.7173,20.6776,0.895,102.575,96.3024,6.27254,0.661
2019,3,1503,1831,803,Belmont,11,64,64,77.0,1501,1829,740,Yale,14,64,64,74.0,-3,0,58,8.8,130,71,95,6.1,129,75,68.6,36.8,66.9,36.5,,,114.834,101.76,13.0739,0.785,111.702,103.115,8.58693,0.707
2019,4,1500,1828,783,Louisville,7,64,64,76.0,1497,1825,802,Bradley,15,64,64,65.0,-8,0,20,15.0,6,222,154,0.6,151,62,62.8,34.1,60.0,37.0,,,113.376,92.4055,20.9708,0.906,100.892,101.25,-0.35828,0.469
2019,5,1495,1823,797,Fairleigh Dickinson,16,64,64,49.0,1494,1822,755,Syracuse,8,64,64,69.0,8,1,229,-3.7,311,141,31,12.9,27,231,58.4,40.2,61.6,33.3,,,106.184,110.432,-4.2487,0.357,110.213,93.9133,16.3,0.86
2019,6,1492,1820,781,Marquette,5,64,64,64.0,1489,1817,747,Vermont,13,64,64,69.0,-8,0,24,14.4,42,132,94,6.1,180,59,57.7,38.8,57.8,35.9,,,114.15,95.7294,18.4207,0.862,107.949,99.2286,8.72064,0.735
2019,7,1487,1815,806,Arizona St.,11,64,64,74.0,1485,1813,766,Northern Kentucky,14,64,64,57.0,-3,0,49,10.3,64,96,115,4.3,217,128,60.3,33.6,62.1,36.0,,,109.774,98.5646,11.2091,0.773,109.235,102.676,6.55918,0.678
2019,8,1484,1812,772,Nevada,7,64,64,61.0,1481,1809,774,Montana,15,64,64,55.0,-8,0,13,16.7,81,183,111,4.6,205,119,65.2,34.7,65.0,37.8,,,114.0,95.0771,18.9229,0.873,107.36,103.814,3.54691,0.595
2019,9,1479,1807,794,Gardner Webb,16,64,64,56.0,1478,1806,776,Mississippi,8,64,64,72.0,8,1,184,-1.2,264,35,47,10.6,48,103,62.9,37.7,68.3,35.8,,,107.475,108.218,-0.74352,0.454,112.779,97.6963,15.0831,0.86
2019,10,1476,1804,742,Wisconsin,5,64,64,54.0,1474,1802,786,Kansas St.,4,64,64,64.0,1,1,14,16.5,8,106,22,14.5,26,21,57.2,35.9,61.5,33.4,,,110.809,87.134,23.675,0.913,107.96,87.7377,20.2225,0.906
2019,11,1471,1799,758,Saint Mary's,11,64,64,57.0,1469,1797,763,Old Dominion,14,64,64,48.0,-3,0,39,11.7,70,292,114,4.4,147,14,57.8,37.8,56.7,34.9,,,114.634,96.9231,17.7106,0.863,101.929,96.3508,5.57853,0.64
2019,12,1468,1796,800,Cincinnati,7,64,64,72.0,1465,1793,799,Colgate,15,64,64,70.0,-8,0,32,12.9,66,19,144,1.7,209,55,60.8,34.5,60.3,39.5,,,111.566,94.515,17.0509,0.885,110.038,105.751,4.2867,0.577
2019,13,1463,1791,790,Iona,16,64,64,73.0,1462,1790,749,Utah St.,8,64,64,61.0,8,1,186,-1.3,234,267,42,11.2,85,36,58.5,35.1,63.0,35.7,,,106.514,109.593,-3.07828,0.372,112.966,96.3467,16.6198,0.846
2019,14,1459,1787,771,New Mexico St.,12,64,64,77.0,1457,1785,767,Northeastern,13,64,64,52.0,-1,0,57,8.9,159,46,83,6.8,104,151,63.5,33.8,65.4,38.1,,,112.605,99.0173,13.588,0.802,111.465,102.718,8.74685,0.685
2019,15,1456,1784,788,Iowa St.,6,64,64,59.0,1453,1781,793,Georgia St.,14,64,64,55.0,-8,0,17,16.0,22,266,116,4.3,107,5,74.0,36.3,57.3,38.1,,,118.992,97.1452,21.8472,0.915,107.886,102.289,5.59737,0.667
2019,16,1451,1779,757,Seton Hall,10,64,64,68.0,1449,1777,807,Abilene Christian,15,64,64,44.0,-5,0,51,10.2,37,57,164,0.1,316,17,58.7,32.4,61.7,37.7,,,109.303,96.3961,12.9072,0.771,103.625,101.539,2.08626,0.534
2021,1,1636,1902,856,Gonzaga,1,2,64,98.0,1635,1901,839,Norfolk St.,16,64,64,55.0,-15,0,1,25.9,37,41,219,-4.2,331,92,72.6,36.8,54.6,37.2,,,126.111,89.4872,36.6241,0.979,100.613,104.355,-3.74215,0.365
2021,2,1631,1897,820,UC Santa Barbara,12,64,64,62.0,1630,1896,813,Virginia,4,64,64,58.0,8,1,90,6.4,166,44,18,16.2,32,100,60.3,34.3,62.4,37.5,,,109.242,97.0104,12.2317,0.793,115.637,92.9824,22.6542,0.91
2021,3,1627,1893,863,Drake,11,64,64,56.0,1625,1891,861,Eastern Washington,14,64,64,84.0,-3,0,75,8.4,125,8,106,4.6,159,241,62.8,36.4,60.3,36.0,,,113.949,99.3062,14.6425,0.786,107.67,101.018,6.65145,0.713
2021,4,1623,1889,855,Grand Canyon,15,64,64,74.0,1621,1887,822,Texas Southern,16,64,64,66.0,-1,0,112,4.5,186,219,215,-4.0,317,83,61.3,31.8,58.6,27.7,,,103.554,96.5771,6.97644,0.716,98.9834,105.038,-6.05453,0.353
2021,5,1619,1885,826,St. Bonaventure,9,64,64,61.0,1617,1883,858,Georgetown,12,64,64,73.0,-3,0,36,13.0,80,72,61,9.7,27,78,58.3,34.4,54.3,36.6,,,111.309,90.4885,20.8204,0.889,107.693,93.636,14.0569,0.825
2021,6,1615,1881,818,UNC Greensboro,13,64,64,54.0,1614,1880,870,BYU,6,64,64,62.0,7,1,102,5.1,146,137,30,13.9,62,56,59.6,29.9,65.8,36.7,,,104.118,95.9651,8.15332,0.619,113.107,92.1612,20.9462,0.894
2021,7,1612,1878,823,Texas,3,64,64,52.0,1610,1876,865,Connecticut,7,64,64,54.0,-4,0,14,16.5,11,45,23,15.2,31,182,62.0,35.7,56.1,33.5,,,113.848,93.2661,20.5822,0.912,113.581,91.6796,21.9011,0.918
2021,8,1607,1873,851,Iona,15,64,64,55.0,1605,1871,854,Hartford,16,64,64,55.0,-1,0,166,-0.1,257,128,194,-2.4,241,40,58.7,34.6,58.6,32.4,,,100.371,101.407,-1.03598,0.555,97.4886,100.22,-2.73095,0.427
2021,9,1604,1870,838,North Carolina,8,64,64,62.0,1601,1867,809,Winthrop,12,64,64,63.0,-4,0,24,14.9,19,174,96,5.8,269,14,59.5,31.8,61.5,35.2,,,110.111,90.0231,20.0876,0.864,105.093,96.1535,8.93908,0.73
2021,10,1600,1866,829,Purdue,4,64,64,69.0,1597,1863,816,Utah St.,11,64,64,53.0,-7,0,22,15.2,10,84,45,12.1,95,280,60.5,33.3,59.0,33.2,,,113.612,91.3407,22.2716,0.89,105.729,89.2192,16.51,0.862
2021,11,1595,1861,867,Colgate,14,64,64,68.0,1593,1859,812,Virginia Tech,10,64,64,70.0,4,1,71,8.7,231,116,43,12.3,64,85,61.6,40.7,61.5,35.4,,,110.89,100.668,10.2223,0.829,110.048,94.8276,15.2207,0.833
2021,12,1592,1858,835,Ohio St.,2,64,64,72.0,1589,1855,862,Drexel,16,64,64,49.0,-14,0,9,17.6,3,69,152,0.8,180,168,61.6,36.0,61.4,37.2,,,122.274,96.8491,25.4253,0.929,107.143,105.525,1.6183,0.565
2021,13,1587,1853,857,Georgia Tech,9,64,64,60.0,1586,1852,824,Tennessee,5,64,64,56.0,4,1,34,13.1,43,57,15,16.5,34,256,67.4,34.8,62.6,33.1,,,113.332,94.783,18.5494,0.869,108.804,87.7414,21.0624,0.916
2021,14,1583,1849,848,Liberty,13,64,64,60.0,1582,1848,827,San Diego St.,6,64,64,62.0,7,1,109,4.5,226,104,26,14.5,89,68,59.7,38.8,62.4,36.8,,,110.143,101.773,8.37002,0.713,110.835,89.5391,21.296,0.926
2021,15,1579,1845,841,Morehead St.,14,64,64,67.0,1578,1844,869,Clemson,7,64,64,56.0,7,1,162,0.1,182,2,39,12.5,25,10,60.3,35.3,59.4,34.5,,,100.165,96.2694,3.89559,0.559,106.87,90.7046,16.1652,0.848
2022,1,1762,1966,925,Gonzaga,1,16,64,93.0,1761,1965,926,Georgia St.,16,64,64,72.0,-15,0,1,25.2,18,221,144,1.7,181,131,70.4,37.0,51.8,32.4,,,121.805,88.836,32.9688,0.973,101.532,99.6875,1.84485,0.54
2022,2,1758,1962,931,Connecticut,5,64,64,63.0,1755,1959,882,Vermont,13,64,64,71.0,-8,0,16,16.0,27,188,61,9.6,176,169,57.2,35.2,67.8,36.8,,,113.924,94.5963,19.3281,0.879,110.775,97.7084,13.0669,0.778
2022,3,1754,1958,942,Alabama,6,64,64,64.0,1751,1955,908,Montana St.,14,64,64,62.0,-8,0,23,14.1,10,210,143,1.9,229,9,64.3,30.9,60.9,37.0,,,116.098,98.7358,17.3625,0.872,104.531,100.723,3.80856,0.562
2022,4,1749,1953,929,Davidson,10,64,64,73.0,1747,1951,935,Cal St. Fullerton,15,64,64,61.0,-5,0,57,9.8,103,28,175,-0.2,203,27,66.9,38.5,58.4,33.4,,,116.781,101.978,14.8028,0.818,104.656,102.553,2.10306,0.466
2022,5,1745,1949,905,Norfolk St.,16,64,64,49.0,1743,1947,913,Marquette,9,64,64,63.0,7,1,194,-1.4,340,41,44,11.0,32,84,61.8,34.0,61.0,34.4,,,102.43,102.285,0.14543,0.438,109.787,95.785,14.0024,0.807
2022,6,1741,1945,922,Indiana,12,64,64,53.0,1739,1943,943,Akron,13,64,64,53.0,-1,0,26,13.5,22,243,119,3.5,183,98,63.4,33.3,61.6,35.3,,,107.558,92.6213,14.9367,0.884,106.151,102.661,3.48951,0.558
2022,7,1737,1941,880,Virginia Tech,11,64,64,73.0,1735,1939,876,Yale,14,64,64,56.0,-3,0,22,14.2,42,304,142,2.0,150,96,61.2,39.2,56.2,32.6,,,114.268,96.4045,17.8634,0.898,101.474,99.2392,2.23432,0.541
2022,8,1733,1937,894,San Francisco,10,64,64,87.0,1732,1936,917,Kentucky,2,64,64,79.0,8,1,30,13.2,68,193,4,20.0,2,165,63.2,34.3,70.5,34.7,,,110.756,92.3886,18.3679,0.877,120.191,93.5959,26.5948,0.939
2022,9,1729,1933,878,Wright St.,16,64,64,70.0,1728,1932,893,Seton Hall,8,64,64,42.0,8,1,157,0.9,224,241,29,13.2,31,114,62.3,33.4,53.4,33.2,,,106.365,107.231,-0.86607,0.427,108.487,93.5199,14.967,0.826
2022,10,1725,1929,885,UAB,12,64,64,68.0,1723,1927,934,Chattanooga,13,64,64,53.0,-1,0,43,11.1,114,213,91,6.6,128,39,64.5,38.0,59.1,33.9,,,112.489,98.456,14.0333,0.807,110.028,98.756,11.2724,0.751
2022,11,1722,1926,932,Colorado St.,6,64,64,63.0,1719,1923,916,Longwood,14,64,64,56.0,-8,0,53,10.3,85,5,163,0.7,319,33,65.4,35.6,56.2,38.4,,,114.159,98.3029,15.8566,0.818,106.108,103.624,2.48399,0.582
2022,12,1717,1921,915,Loyola Chicago,10,64,64,41.0,1715,1919,928,Delaware,15,64,64,60.0,-5,0,32,12.6,93,154,154,1.1,169,51,61.5,37.6,62.0,34.5,,,110.891,93.196,17.6948,0.849,106.849,104.566,2.283,0.597
2022,13,1713,1917,887,Texas Southern,16,64,64,56.0,1712,1916,895,San Diego St.,8,64,64,69.0,8,1,191,-1.2,269,195,38,11.9,70,104,57.6,31.4,58.6,35.4,,,98.1424,99.4749,-1.33245,0.45,104.106,85.9549,18.151,0.863
2022,14,1710,1914,921,Iowa,5,64,64,63.0,1707,1911,892,South Dakota St.,13,64,64,57.0,-8,0,11,18.5,14,260,76,8.6,147,29,63.7,36.4,65.1,43.7,,,121.548,98.0208,23.5269,0.922,116.763,105.32,11.4429,0.761
2022,15,1706,1910,914,LSU,6,64,64,54.0,1703,1907,933,Colgate,14,64,64,60.0,-8,0,18,15.5,21,261,109,4.9,199,333,59.7,31.6,57.7,40.3,,,107.64,88.5581,19.0816,0.891,108.276,104.059,4.21729,0.576
2022,16,1702,1906,883,USC,7,64,64,66.0,1699,1903,919,Jacksonville St.,15,64,64,61.0,-8,0,31,12.7,56,20,147,1.6,221,149,59.4,35.7,59.6,38.0,,,110.473,96.0232,14.4494,0.816,105.325,103.083,2.24147,0.564
2023,1,1888,2030,1011,Alabama,1,16,64,96.0,1887,2029,955,Texas A&M Corpus Chris,16,64,64,75.0,-15,0,1,21.4,2,92,203,-1.9,336,162,60.7,33.5,56.5,36.4,,,116.097,88.5549,27.5425,0.956,107.367,107.592,-0.22505,0.451
2023,2,1883,2025,1003,College of Charleston,12,64,64,57.0,1882,2024,946,Virginia,4,64,64,67.0,8,1,73,8.3,177,20,29,13.4,47,36,60.9,33.0,60.6,35.0,,,111.378,99.6171,11.7607,0.782,111.166,94.7544,16.4114,0.871
2023,3,1879,2021,971,North Carolina St.,11,64,64,63.0,1877,2019,953,UC Santa Barbara,14,64,64,56.0,-3,0,43,11.5,58,104,119,3.0,199,16,60.3,34.7,63.5,34.9,,,113.894,100.589,13.3052,0.84,111.335,104.693,6.6422,0.624
2023,4,1875,2017,949,Utah St.,10,64,64,65.0,1874,2016,1010,Arizona,2,64,64,55.0,8,1,35,12.4,70,119,10,17.3,25,66,63.5,37.9,68.0,37.8,,,117.762,98.8807,18.8814,0.869,119.979,97.1195,22.8595,0.932
2023,5,1872,2014,963,Purdue,1,64,64,58.0,1870,2012,978,Memphis,8,64,64,65.0,-7,0,9,17.3,13,15,26,13.5,46,44,63.8,32.2,63.2,35.3,,,119.362,94.8154,24.5463,0.945,114.701,96.0133,18.6881,0.899
2023,6,1867,2009,968,Oral Roberts,12,64,64,51.0,1865,2007,981,Louisiana Lafayette,13,64,64,55.0,-1,0,82,7.5,180,33,110,3.9,159,11,62.2,36.5,62.8,36.5,,,115.289,102.04,13.2487,0.761,112.243,104.042,8.20091,0.715
2023,7,1863,2005,964,Providence,11,64,64,53.0,1861,2003,973,Montana St.,14,64,64,65.0,-3,0,45,11.4,49,129,129,2.4,188,32,59.2,34.6,62.0,31.8,,,116.847,102.117,14.7305,0.825,105.36,99.6121,5.74793,0.693
2023,8,1859,2001,950,USC,10,64,64,62.0,1857,1999,947,Vermont,15,64,64,61.0,-5,0,41,11.5,50,89,112,3.6,171,121,62.8,34.5,63.1,36.0,,,113.122,97.4891,15.6327,0.832,109.778,104.357,5.42124,0.676
2023,9,1855,1997,970,Northern Kentucky,16,64,64,52.0,1854,1996,988,Iowa,8,64,64,75.0,8,1,173,-0.5,220,61,27,13.5,23,287,51.4,34.3,63.0,34.0,,,103.337,102.82,0.516867,0.5,120.475,104.873,15.6021,0.844
2023,10,1851,1993,1000,Drake,12,64,64,56.0,1849,1991,983,Kent St.,13,64,64,60.0,-1,0,64,9.3,110,135,81,7.5,124,40,61.8,36.4,61.6,33.2,,,109.84,97.3312,12.5086,0.791,108.347,96.4498,11.8972,0.779
2023,11,1848,1990,987,Iowa St.,6,64,64,41.0,1845,1987,984,Kennesaw St.,14,64,64,67.0,-8,0,22,14.0,5,164,150,1.2,187,1,64.5,33.1,58.7,36.8,,,109.884,91.5493,18.3345,0.893,106.304,102.661,3.64263,0.623
2023,12,1844,1986,956,Texas A&M,7,64,64,59.0,1841,1983,1004,Colgate,15,64,64,61.0,-8,0,25,13.7,33,54,108,4.1,244,168,58.0,32.6,63.4,40.5,,,114.483,96.1997,18.2834,0.885,112.963,107.67,5.29267,0.651
2023,13,1839,1981,992,Howard,16,64,64,68.0,1837,1979,991,Illinois,9,64,64,63.0,7,1,225,-3.3,294,30,28,13.5,28,248,58.1,36.9,66.1,30.8,,,103.701,106.914,-3.21361,0.37,112.167,95.6864,16.4805,0.839
2023,14,1835,1977,948,VCU,12,64,64,51.0,1833,1975,989,Iona,13,64,64,63.0,-1,0,58,9.5,99,51,79,7.9,170,209,59.7,34.8,55.8,36.2,,,107.195,94.0449,13.1498,0.785,110.856,99.1448,11.7114,0.789
2023,15,1831,1973,1009,Arizona St.,11,64,64,70.0,1829,1971,994,Grand Canyon,14,64,64,70.0,-3,0,63,9.3,51,41,101,4.7,132,138,56.5,32.2,53.8,37.5,,,107.586,95.2101,12.3762,0.8,112.317,106.325,5.99141,0.639
2023,16,1827,1969,1005,Boise St.,10,64,64,67.0,1825,1967,951,UNC Asheville,15,64,64,53.0,-5,0,49,10.9,66,81,156,0.7,238,3,62.9,36.0,61.4,38.6,,,110.969,93.8352,17.1342,0.852,104.141,102.635,1.50642,0.466
2024,1,2014,2094,1067,Connecticut,1,1,64,91.0,2013,2093,1026,Stetson,16,64,64,52.0,-15,0,2,22.3,5,35,191,-2.0,236,24,66.6,36.7,55.5,36.5,,,126.608,94.3949,32.213,0.971,110.262,114.366,-4.1041,0.356
2024,2,2009,2089,1020,UAB,12,64,64,65.0,2008,2088,1076,Auburn,4,64,64,76.0,8,1,108,4.5,98,9,5,21.1,18,312,57.3,33.1,61.7,35.2,,,113.68,107.398,6.28179,0.663,120.579,91.6765,28.9026,0.957
2024,3,2006,2086,1073,BYU,6,64,64,67.0,2003,2083,1042,Morehead St.,14,64,64,69.0,-8,0,14,17.0,17,286,129,2.5,259,106,72.9,34.8,62.5,35.3,,,120.486,99.4765,21.0091,0.907,108.989,103.52,5.46884,0.589
2024,4,2001,2081,1064,Drake,10,64,64,61.0,1999,2079,1027,South Dakota St.,15,64,64,65.0,-5,0,61,9.7,107,53,149,1.2,210,187,64.5,36.5,62.4,36.2,,,115.619,100.904,14.7142,0.828,108.662,105.674,2.98745,0.583
2024,5,1997,2077,1016,Wagner,16,64,64,62.0,1996,2076,1044,Mississippi St.,8,64,64,51.0,8,1,296,-7.3,336,183,28,13.4,26,235,52.3,31.6,60.9,32.5,,,95.7835,105.878,-10.0944,0.24,113.678,95.6951,17.9825,0.877
2024,6,1994,2074,1032,Saint Mary's,5,64,64,66.0,1991,2071,1070,College of Charleston,13,64,64,96.0,-8,0,19,15.8,80,281,104,4.9,152,23,58.9,35.5,65.0,34.8,,,114.901,95.0132,19.888,0.92,113.736,106.128,7.60727,0.702
2024,7,1989,2069,1039,New Mexico,11,64,64,56.0,1987,2067,1071,Colgate,14,64,64,67.0,-3,0,29,13.4,78,218,125,2.8,222,122,59.1,33.4,62.7,35.7,,,115.411,96.4738,18.9368,0.893,104.65,102.5,2.15009,0.513
2024,8,1985,2065,1040,Nevada,10,64,64,60.0,1983,2063,1049,Long Beach St.,15,64,64,65.0,-5,0,46,11.3,84,38,170,-0.3,167,62,63.8,36.5,61.9,31.3,,,115.55,98.7358,16.814,0.863,107.857,107.862,-0.00456917,0.431
2024,9,1981,2061,1048,Longwood,16,64,64,46.0,1980,2060,1041,Nebraska,8,64,64,83.0,8,1,168,-0.2,253,237,34,12.9,38,94,55.9,34.4,61.4,35.8,,,105.712,104.753,0.95941,0.476,115.866,97.6744,18.1912,0.9
2024,10,1978,2058,1013,Wisconsin,5,64,64,61.0,1975,2055,1018,Vermont,13,64,64,47.0,-8,0,21,15.1,9,189,111,4.3,172,11,59.3,34.8,59.6,33.5,,,120.06,99.4602,20.6003,0.902,107.122,100.145,6.9772,0.659
2024,11,1974,2054,1021,Texas Tech,6,64,64,67.0,1972,2052,1050,Kentucky,3,64,64,76.0,3,1,26,13.8,20,72,20,15.7,30,193,61.5,36.5,61.5,41.2,,,117.943,99.3985,18.5448,0.885,122.742,102.724,20.018,0.893
2024,12,1970,2050,1061,Florida,7,64,64,100.0,1967,2047,1014,Western Kentucky,15,64,64,69.0,-8,0,27,13.6,28,93,135,2.0,197,174,58.3,34.2,57.1,34.4,,,119.317,101.129,18.1884,0.895,105.552,102.489,3.06263,0.593
2024,13,1965,2045,1058,Grambling St.,16,64,64,50.0,1963,2043,1025,TCU,9,64,64,72.0,7,1,297,-7.6,329,15,25,14.0,21,222,55.9,34.1,60.2,35.6,,,99.2736,107.084,-7.80999,0.281,115.101,97.8088,17.2923,0.869
2024,14,1961,2041,1046,McNeese St.,12,64,64,65.0,1959,2039,1030,Samford,13,64,64,89.0,-1,0,97,6.1,257,33,96,6.1,176,26,58.0,39.4,60.2,39.3,,,114.033,101.171,12.8626,0.752,113.083,103.291,9.79228,0.732
2024,15,1958,2038,1028,South Carolina,6,64,64,73.0,1955,2035,1079,Akron,14,64,64,60.0,-8,0,62,9.7,61,1,110,4.4,145,119,59.4,33.5,62.8,32.0,,,114.735,99.6715,15.0632,0.842,107.009,102.072,4.93709,0.596
2024,16,1953,2033,1068,Colorado St.,10,64,64,44.0,1951,2031,1031,Saint Peter's,15,64,64,49.0,-5,0,52,10.5,74,58,210,-2.9,251,65,67.1,33.2,48.5,33.9,,,115.382,98.779,16.6027,0.846,98.5882,100.91,-2.32142,0.404
2025,1,2162,2166,1141,Auburn,1,1,64,,2161,2165,1145,Alabama St.,16,64,64,,-15,0,2,25.5,1,85,279,-6.6,327,64,62.7,36.8,53.1,32.9,98.46%,0.21%,128.505,93.4663,35.0385,0.976,101.454,110.689,-9.235,0.27
2025,2,2158,2162,1119,Louisville,8,1,64,,2157,2161,1134,Creighton,9,64,64,,-1,0,28,16.2,41,28,34,14.8,36,58,64.7,33.0,68.5,33.9,55.57%,43.78%,118.177,95.5301,22.6465,0.929,116.968,98.2653,18.7025,0.885
2025,3,2154,2158,1092,Texas A&M,4,1,64,,2153,2157,1080,Yale,13,64,64,,-9,0,22,16.8,12,74,76,8.0,130,253,57.1,31.1,58.0,38.5,76.72%,22.64%,116.281,92.2075,24.0735,0.924,114.444,103.508,10.9363,0.746
2025,4,2150,2154,1112,Mississippi,6,1,64,,2149,2153,1104,North Carolina,11,64,64,,-5,0,30,15.3,15,37,29,15.8,26,246,62.2,34.1,62.0,35.3,65.14%,30.97%,117.897,95.8241,22.0726,0.9,118.913,99.3766,19.5367,0.881
2025,5,2146,2150,1118,Marquette,7,1,64,,2145,2149,1106,New Mexico,10,64,64,,-3,0,21,16.8,25,167,44,12.7,73,54,60.4,32.5,58.4,34.1,64.03%,35.17%,117.695,96.1073,21.5878,0.898,112.545,95.2167,17.3279,0.867
2025,6,2142,2146,1131,Florida,1,1,64,,2141,2145,1105,Norfolk St.,16,64,64,,-15,0,4,23.8,7,66,174,-0.7,274,48,65.8,35.1,60.7,31.3,97.46%,1.67%,127.938,92.1126,35.8258,0.971,107.201,108.723,-1.52118,0.425
2025,7,2138,2142,1115,Memphis,5,1,64,,2137,2141,1136,Colorado St.,12,64,64,,-7,0,55,11.5,75,2,53,11.5,77,102,60.3,38.0,66.6,36.6,67.04%,31.62%,113.302,98.1617,15.1407,0.806,116.276,98.977,17.2994,0.876
2025,8,2134,2138,1110,Missouri,6,1,64,,2133,2137,1133,Drake,11,64,64,,-5,0,26,16.5,21,179,75,8.1,111,3,65.2,37.0,64.4,35.0,57.88%,40.72%,125.359,100.97,24.3888,0.934,112.641,98.498,14.1426,0.823
2025,9,2130,2134,1123,Kansas,7,1,64,,2129,2133,1142,Arkansas,10,64,64,,-3,0,14,18.2,8,255,39,13.5,33,151,64.1,35.2,64.6,33.3,63.69%,34.92%,116.021,92.761,23.2603,0.927,112.943,95.2503,17.6925,0.862
2025,10,2126,2130,1132,Duke,1,1,64,,2125,2129,1144,American,16,64,64,,-15,0,1,27.2,14,187,241,-4.5,291,7,63.4,37.7,58.5,35.1,97.77%,,127.999,89.847,38.1518,0.981,102.095,108.071,-5.9762,0.335
2025,11,2122,2126,1111,Mississippi St.,8,1,64,,2121,2125,1140,Baylor,9,64,64,,-1,0,31,15.0,22,130,19,16.9,9,300,64.2,31.4,62.8,34.7,37.85%,60.72%,118.786,98.6992,20.0867,0.889,120.886,99.7268,21.1589,0.903
2025,12,2118,2122,1143,Arizona,4,1,64,,2117,2121,1147,Akron,13,64,64,,-9,0,10,20.1,3,298,106,4.4,179,21,65.9,32.4,61.8,36.6,87.59%,11.13%,122.567,96.8244,25.7423,0.947,113.749,107.176,6.57261,0.672
2025,13,2114,2118,1083,Wisconsin,3,1,64,,2113,2117,1109,Montana,14,64,64,,-11,0,15,18.2,18,59,173,-0.7,190,1,61.4,34.9,65.2,36.5,93.37%,5.42%,123.276,96.8339,26.4425,0.942,110.837,110.443,0.39472,0.578
2025,14,2110,2114,1146,Alabama,2,1,64,,2109,2113,1100,Robert Morris,15,64,64,,-13,0,5,22.5,2,134,171,-0.6,250,4,62.4,35.0,58.1,34.9,96.12%,2.83%,126.598,96.6919,29.9064,0.962,107.033,104.951,2.08242,0.524
2025,15,2106,2110,1129,Gonzaga,8,1,64,,2105,2109,1130,Georgia,9,64,64,,-1,0,9,20.4,58,358,37,13.8,29,94,66.5,34.4,62.6,33.4,71.85%,26.60%,123.611,96.3216,27.2891,0.944,115.468,96.1035,19.3641,0.9
2025,16,2102,2106,1101,Purdue,4,1,64,,2101,2105,1127,High Point,13,64,64,,-9,0,16,18.1,11,214,89,6.7,209,109,68.5,38.5,63.6,36.6,83.58%,14.89%,124.163,100.363,23.8002,0.929,118.496,109.181,9.31501,0.726
2025,17,2098,2102,1125,Illinois,6,1,64,,2097,2101,1081,Xavier,11,64,64,,-5,0,17,17.8,10,256,38,13.8,50,191,67.8,31.1,58.8,38.8,75.24%,22.85%,121.633,98.0448,23.5881,0.923,115.459,98.2866,17.1723,0.88
2025,18,2094,2098,1088,UCLA,7,1,64,,2093,2097,1086,Utah St.,10,64,64,,-3,0,25,16.5,23,159,50,11.8,83,47,66.1,35.2,62.6,35.8,67.19%,31.12%,116.828,95.0405,21.7873,0.92,120.785,105.555,15.2291,0.853
